{"cameraMode":{"drawMode":31,"name":"Sprite Mask","section":"Miscellaneous"},"sceneLighting":true,"audioPlay":false,"sceneViewState":{"showFog":true,"showMaterialUpdate":false,"showSkybox":true,"showFlares":true,"showImageEffects":true,"showParticleSystems":true},"in2DMode":false,"pivot":{"x":-11.616060256958008,"y":-5.6640625,"z":8.25341796875},"rotation":{"x":0.6779006123542786,"y":0.0011019128141924739,"z":-0.0010160801466554404,"w":0.7351606488227844},"size":29.46826171875,"orthographic":true}