{"cameraMode":{"drawMode":31,"name":"Sprite Mask","section":"Miscellaneous"},"sceneLighting":true,"audioPlay":false,"sceneViewState":{"showFog":true,"showMaterialUpdate":false,"showSkybox":true,"showFlares":true,"showImageEffects":true,"showParticleSystems":true},"in2DMode":false,"pivot":{"x":-1.9291009902954102,"y":-2.3120555877685549,"z":-0.42502593994140627},"rotation":{"x":0.22855111956596375,"y":0.5771746635437012,"z":-0.17248661816120149,"w":0.7647774815559387},"size":25.688201904296876,"orthographic":true}