{"cameraMode":{"drawMode":31,"name":"Sprite Mask","section":"Miscellaneous"},"sceneLighting":true,"audioPlay":false,"sceneViewState":{"showFog":true,"showMaterialUpdate":false,"showSkybox":true,"showFlares":true,"showImageEffects":true,"showParticleSystems":true},"in2DMode":false,"pivot":{"x":-3.785787582397461,"y":7.250765800476074,"z":17.792369842529298},"rotation":{"x":0.15125195682048798,"y":0.630767285823822,"z":-0.12713921070098878,"w":0.7503949403762817},"size":35.80376052856445,"orthographic":true}